{
    "acuracia": 0.6777777777777778,
    "recall_fake": 0.66,
    "reacll_real": 0.7,
    "f1_score": 0.6947368421052631
}