{
    "acuracia": 0.6888888888888889,
    "recall_fake": 0.78,
    "reacll_real": 0.575,
    "f1_score": 0.7358490566037736
}