{
    "acuracia": 0.6333333333333333,
    "recall_fake": 0.66,
    "reacll_real": 0.6,
    "f1_score": 0.6666666666666666
}