{
    "acuracia": 0.6111111111111112,
    "recall_fake": 0.6,
    "reacll_real": 0.625,
    "f1_score": 0.631578947368421
}