{
    "acuracia": 0.6111111111111112,
    "recall_fake": 0.72,
    "reacll_real": 0.475,
    "f1_score": 0.6728971962616822
}